<?xml version="1.0" encoding="UTF-8"?>
<DEFECTS>
  <DEFECT>
    <SFA>
      <FILEPATH>d:\0study\大二下\计算机网络\lab1-windows-vs2017</FILEPATH>
      <FILENAME>datalink.c</FILENAME>
      <LINE>15</LINE>
      <COLUMN>12</COLUMN>
    </SFA>
    <DEFECTCODE>6244</DEFECTCODE>
    <DESCRIPTION>“frame_expected”的局部声明遮蔽了此前位于“19”行(“d:\0study\大二下\计算机网络\lab1-windows-vs2017\datalink.h”中)的声明。</DESCRIPTION>
    <FUNCTION>send_data_frame</FUNCTION>
    <DECORATED>send_data_frame</DECORATED>
    <FUNCLINE>15</FUNCLINE>
    <PATH>
      <SFA>
        <FILEPATH>d:\0study\大二下\计算机网络\lab1-windows-vs2017</FILEPATH>
        <FILENAME>datalink.h</FILENAME>
        <LINE>19</LINE>
        <COLUMN>21</COLUMN>
      </SFA>
    </PATH>
  </DEFECT>
  <DEFECT>
    <SFA>
      <FILEPATH>d:\0study\大二下\计算机网络\lab1-windows-vs2017</FILEPATH>
      <FILENAME>datalink.c</FILENAME>
      <LINE>43</LINE>
      <COLUMN>12</COLUMN>
    </SFA>
    <DEFECTCODE>6244</DEFECTCODE>
    <DESCRIPTION>“frame_expected”的局部声明遮蔽了此前位于“19”行(“d:\0study\大二下\计算机网络\lab1-windows-vs2017\datalink.h”中)的声明。</DESCRIPTION>
    <FUNCTION>send_ack_frame</FUNCTION>
    <DECORATED>send_ack_frame</DECORATED>
    <FUNCLINE>43</FUNCLINE>
    <PATH>
      <SFA>
        <FILEPATH>d:\0study\大二下\计算机网络\lab1-windows-vs2017</FILEPATH>
        <FILENAME>datalink.h</FILENAME>
        <LINE>19</LINE>
        <COLUMN>21</COLUMN>
      </SFA>
    </PATH>
  </DEFECT>
  <DEFECT>
    <SFA>
      <FILEPATH>d:\0study\大二下\计算机网络\lab1-windows-vs2017</FILEPATH>
      <FILENAME>datalink.c</FILENAME>
      <LINE>56</LINE>
      <COLUMN>12</COLUMN>
    </SFA>
    <DEFECTCODE>6244</DEFECTCODE>
    <DESCRIPTION>“frame_expected”的局部声明遮蔽了此前位于“19”行(“d:\0study\大二下\计算机网络\lab1-windows-vs2017\datalink.h”中)的声明。</DESCRIPTION>
    <FUNCTION>send_nak_frame</FUNCTION>
    <DECORATED>send_nak_frame</DECORATED>
    <FUNCLINE>56</FUNCLINE>
    <PATH>
      <SFA>
        <FILEPATH>d:\0study\大二下\计算机网络\lab1-windows-vs2017</FILEPATH>
        <FILENAME>datalink.h</FILENAME>
        <LINE>19</LINE>
        <COLUMN>21</COLUMN>
      </SFA>
    </PATH>
  </DEFECT>
</DEFECTS>