<?xml version="1.0" encoding="UTF-8"?>
<DEFECTS>
  <DEFECT>
    <SFA>
      <FILEPATH>d:\0study\大二下\计算机网络\lab1-windows-vs2017</FILEPATH>
      <FILENAME>lprintf.c</FILENAME>
      <LINE>56</LINE>
      <COLUMN>14</COLUMN>
    </SFA>
    <DEFECTCODE>6340</DEFECTCODE>
    <DESCRIPTION>符号不匹配: 已将“unsigned int”作为 _Param_(3) 传递，但需要使用一些 signed 类型来调用“sprintf”。</DESCRIPTION>
    <FUNCTION>output</FUNCTION>
    <DECORATED>output</DECORATED>
    <FUNCLINE>45</FUNCLINE>
    <PATH></PATH>
  </DEFECT>
  <DEFECT>
    <SFA>
      <FILEPATH>d:\0study\大二下\计算机网络\lab1-windows-vs2017</FILEPATH>
      <FILENAME>lprintf.c</FILENAME>
      <LINE>56</LINE>
      <COLUMN>14</COLUMN>
    </SFA>
    <DEFECTCODE>6340</DEFECTCODE>
    <DESCRIPTION>符号不匹配: 已将“unsigned int”作为 _Param_(4) 传递，但需要使用一些 signed 类型来调用“sprintf”。</DESCRIPTION>
    <FUNCTION>output</FUNCTION>
    <DECORATED>output</DECORATED>
    <FUNCLINE>45</FUNCLINE>
    <PATH></PATH>
  </DEFECT>
  <DEFECT>
    <SFA>
      <FILEPATH>d:\0study\大二下\计算机网络\lab1-windows-vs2017</FILEPATH>
      <FILENAME>lprintf.c</FILENAME>
      <LINE>59</LINE>
      <COLUMN>2</COLUMN>
    </SFA>
    <DEFECTCODE>28183</DEFECTCODE>
    <DESCRIPTION>“head”可以是“0”，并且是“tail++”中找到的值的副本: 这不符合函数“fwrite”的规范。查看第 53 行以找出可能会发生此情况的前一位置</DESCRIPTION>
    <FUNCTION>output</FUNCTION>
    <DECORATED>output</DECORATED>
    <FUNCLINE>45</FUNCLINE>
    <PATH>
      <SFA>
        <FILEPATH>d:\0study\大二下\计算机网络\lab1-windows-vs2017</FILEPATH>
        <FILENAME>lprintf.c</FILENAME>
        <LINE>47</LINE>
        <COLUMN>13</COLUMN>
      </SFA>
      <SFA>
        <FILEPATH>d:\0study\大二下\计算机网络\lab1-windows-vs2017</FILEPATH>
        <FILENAME>lprintf.c</FILENAME>
        <LINE>48</LINE>
        <COLUMN>14</COLUMN>
      </SFA>
      <SFA>
        <FILEPATH>d:\0study\大二下\计算机网络\lab1-windows-vs2017</FILEPATH>
        <FILENAME>lprintf.c</FILENAME>
        <LINE>48</LINE>
        <COLUMN>18</COLUMN>
      </SFA>
      <SFA>
        <FILEPATH>d:\0study\大二下\计算机网络\lab1-windows-vs2017</FILEPATH>
        <FILENAME>lprintf.c</FILENAME>
        <LINE>49</LINE>
        <COLUMN>6</COLUMN>
      </SFA>
      <SFA>
        <FILEPATH>d:\0study\大二下\计算机网络\lab1-windows-vs2017</FILEPATH>
        <FILENAME>lprintf.c</FILENAME>
        <LINE>50</LINE>
        <COLUMN>13</COLUMN>
      </SFA>
      <SFA>
        <FILEPATH>d:\0study\大二下\计算机网络\lab1-windows-vs2017</FILEPATH>
        <FILENAME>lprintf.c</FILENAME>
        <LINE>50</LINE>
        <COLUMN>20</COLUMN>
      </SFA>
      <SFA>
        <FILEPATH>d:\0study\大二下\计算机网络\lab1-windows-vs2017</FILEPATH>
        <FILENAME>lprintf.c</FILENAME>
        <LINE>50</LINE>
        <COLUMN>27</COLUMN>
      </SFA>
      <SFA>
        <FILEPATH>d:\0study\大二下\计算机网络\lab1-windows-vs2017</FILEPATH>
        <FILENAME>lprintf.c</FILENAME>
        <LINE>52</LINE>
        <COLUMN>11</COLUMN>
      </SFA>
      <SFA>
        <FILEPATH>d:\0study\大二下\计算机网络\lab1-windows-vs2017</FILEPATH>
        <FILENAME>lprintf.c</FILENAME>
        <LINE>52</LINE>
        <COLUMN>30</COLUMN>
      </SFA>
      <SFA>
        <FILEPATH>d:\0study\大二下\计算机网络\lab1-windows-vs2017</FILEPATH>
        <FILENAME>lprintf.c</FILENAME>
        <LINE>53</LINE>
        <COLUMN>20</COLUMN>
      </SFA>
      <SFA>
        <FILEPATH>d:\0study\大二下\计算机网络\lab1-windows-vs2017</FILEPATH>
        <FILENAME>lprintf.c</FILENAME>
        <LINE>54</LINE>
        <COLUMN>6</COLUMN>
      </SFA>
      <SFA>
        <FILEPATH>d:\0study\大二下\计算机网络\lab1-windows-vs2017</FILEPATH>
        <FILENAME>lprintf.c</FILENAME>
        <LINE>59</LINE>
        <COLUMN>2</COLUMN>
      </SFA>
    </PATH>
  </DEFECT>
</DEFECTS>