<?xml version="1.0" encoding="UTF-8"?>
<DEFECTS>
  <DEFECT>
    <SFA>
      <FILEPATH>d:\0study\大二下\计算机网络\lab1-windows-vs2017</FILEPATH>
      <FILENAME>protocol.c</FILENAME>
      <LINE>679</LINE>
      <COLUMN>47</COLUMN>
    </SFA>
    <DEFECTCODE>26451</DEFECTCODE>
    <DESCRIPTION>Arithmetic overflow: Using operator '-' on a 4 byte value and then casting the result to a 8 byte value. Cast the value to the wider type before calling operator '-' to avoid overflow (io.2).</DESCRIPTION>
    <FUNCTION>put_packet</FUNCTION>
    <DECORATED>put_packet</DECORATED>
    <FUNCLINE>662</FUNCLINE>
    <PATH></PATH>
  </DEFECT>
</DEFECTS>