﻿<?xml version="1.0" encoding="utf-8"?><DEFECTS><DEFECT>
    <SFA>
      <FILEPATH>d:\0study\大二下\计算机网络\lab1-windows-vs2017</FILEPATH>
      <FILENAME>datalink.c</FILENAME>
      <LINE>15</LINE>
      <COLUMN>12</COLUMN>
    </SFA>
    <DEFECTCODE>6244</DEFECTCODE>
    <DESCRIPTION>“frame_expected”的局部声明遮蔽了此前位于“19”行(“d:\0study\大二下\计算机网络\lab1-windows-vs2017\datalink.h”中)的声明。</DESCRIPTION>
    <FUNCTION>send_data_frame</FUNCTION>
    <DECORATED>send_data_frame</DECORATED>
    <FUNCLINE>15</FUNCLINE>
    <PATH>
      <SFA>
        <FILEPATH>d:\0study\大二下\计算机网络\lab1-windows-vs2017</FILEPATH>
        <FILENAME>datalink.h</FILENAME>
        <LINE>19</LINE>
        <COLUMN>21</COLUMN>
      </SFA>
    </PATH>
  </DEFECT><DEFECT>
    <SFA>
      <FILEPATH>d:\0study\大二下\计算机网络\lab1-windows-vs2017</FILEPATH>
      <FILENAME>datalink.c</FILENAME>
      <LINE>43</LINE>
      <COLUMN>12</COLUMN>
    </SFA>
    <DEFECTCODE>6244</DEFECTCODE>
    <DESCRIPTION>“frame_expected”的局部声明遮蔽了此前位于“19”行(“d:\0study\大二下\计算机网络\lab1-windows-vs2017\datalink.h”中)的声明。</DESCRIPTION>
    <FUNCTION>send_ack_frame</FUNCTION>
    <DECORATED>send_ack_frame</DECORATED>
    <FUNCLINE>43</FUNCLINE>
    <PATH>
      <SFA>
        <FILEPATH>d:\0study\大二下\计算机网络\lab1-windows-vs2017</FILEPATH>
        <FILENAME>datalink.h</FILENAME>
        <LINE>19</LINE>
        <COLUMN>21</COLUMN>
      </SFA>
    </PATH>
  </DEFECT><DEFECT>
    <SFA>
      <FILEPATH>d:\0study\大二下\计算机网络\lab1-windows-vs2017</FILEPATH>
      <FILENAME>datalink.c</FILENAME>
      <LINE>56</LINE>
      <COLUMN>12</COLUMN>
    </SFA>
    <DEFECTCODE>6244</DEFECTCODE>
    <DESCRIPTION>“frame_expected”的局部声明遮蔽了此前位于“19”行(“d:\0study\大二下\计算机网络\lab1-windows-vs2017\datalink.h”中)的声明。</DESCRIPTION>
    <FUNCTION>send_nak_frame</FUNCTION>
    <DECORATED>send_nak_frame</DECORATED>
    <FUNCLINE>56</FUNCLINE>
    <PATH>
      <SFA>
        <FILEPATH>d:\0study\大二下\计算机网络\lab1-windows-vs2017</FILEPATH>
        <FILENAME>datalink.h</FILENAME>
        <LINE>19</LINE>
        <COLUMN>21</COLUMN>
      </SFA>
    </PATH>
  </DEFECT><DEFECT>
    <SFA>
      <FILEPATH>d:\0study\大二下\计算机网络\lab1-windows-vs2017</FILEPATH>
      <FILENAME>lprintf.c</FILENAME>
      <LINE>56</LINE>
      <COLUMN>14</COLUMN>
    </SFA>
    <DEFECTCODE>6340</DEFECTCODE>
    <DESCRIPTION>符号不匹配: 已将“unsigned int”作为 _Param_(3) 传递，但需要使用一些 signed 类型来调用“sprintf”。</DESCRIPTION>
    <FUNCTION>output</FUNCTION>
    <DECORATED>output</DECORATED>
    <FUNCLINE>45</FUNCLINE>
    <PATH></PATH>
  </DEFECT><DEFECT>
    <SFA>
      <FILEPATH>d:\0study\大二下\计算机网络\lab1-windows-vs2017</FILEPATH>
      <FILENAME>lprintf.c</FILENAME>
      <LINE>59</LINE>
      <COLUMN>2</COLUMN>
    </SFA>
    <DEFECTCODE>28183</DEFECTCODE>
    <DESCRIPTION>“head”可以是“0”，并且是“tail++”中找到的值的副本: 这不符合函数“fwrite”的规范。查看第 53 行以找出可能会发生此情况的前一位置</DESCRIPTION>
    <FUNCTION>output</FUNCTION>
    <DECORATED>output</DECORATED>
    <FUNCLINE>45</FUNCLINE>
    <PATH>
      <SFA>
        <FILEPATH>d:\0study\大二下\计算机网络\lab1-windows-vs2017</FILEPATH>
        <FILENAME>lprintf.c</FILENAME>
        <LINE>47</LINE>
        <COLUMN>13</COLUMN>
      </SFA>
      <SFA>
        <FILEPATH>d:\0study\大二下\计算机网络\lab1-windows-vs2017</FILEPATH>
        <FILENAME>lprintf.c</FILENAME>
        <LINE>48</LINE>
        <COLUMN>14</COLUMN>
      </SFA>
      <SFA>
        <FILEPATH>d:\0study\大二下\计算机网络\lab1-windows-vs2017</FILEPATH>
        <FILENAME>lprintf.c</FILENAME>
        <LINE>48</LINE>
        <COLUMN>18</COLUMN>
      </SFA>
      <SFA>
        <FILEPATH>d:\0study\大二下\计算机网络\lab1-windows-vs2017</FILEPATH>
        <FILENAME>lprintf.c</FILENAME>
        <LINE>49</LINE>
        <COLUMN>6</COLUMN>
      </SFA>
      <SFA>
        <FILEPATH>d:\0study\大二下\计算机网络\lab1-windows-vs2017</FILEPATH>
        <FILENAME>lprintf.c</FILENAME>
        <LINE>50</LINE>
        <COLUMN>13</COLUMN>
      </SFA>
      <SFA>
        <FILEPATH>d:\0study\大二下\计算机网络\lab1-windows-vs2017</FILEPATH>
        <FILENAME>lprintf.c</FILENAME>
        <LINE>50</LINE>
        <COLUMN>20</COLUMN>
      </SFA>
      <SFA>
        <FILEPATH>d:\0study\大二下\计算机网络\lab1-windows-vs2017</FILEPATH>
        <FILENAME>lprintf.c</FILENAME>
        <LINE>50</LINE>
        <COLUMN>27</COLUMN>
      </SFA>
      <SFA>
        <FILEPATH>d:\0study\大二下\计算机网络\lab1-windows-vs2017</FILEPATH>
        <FILENAME>lprintf.c</FILENAME>
        <LINE>52</LINE>
        <COLUMN>11</COLUMN>
      </SFA>
      <SFA>
        <FILEPATH>d:\0study\大二下\计算机网络\lab1-windows-vs2017</FILEPATH>
        <FILENAME>lprintf.c</FILENAME>
        <LINE>52</LINE>
        <COLUMN>30</COLUMN>
      </SFA>
      <SFA>
        <FILEPATH>d:\0study\大二下\计算机网络\lab1-windows-vs2017</FILEPATH>
        <FILENAME>lprintf.c</FILENAME>
        <LINE>53</LINE>
        <COLUMN>20</COLUMN>
      </SFA>
      <SFA>
        <FILEPATH>d:\0study\大二下\计算机网络\lab1-windows-vs2017</FILEPATH>
        <FILENAME>lprintf.c</FILENAME>
        <LINE>54</LINE>
        <COLUMN>6</COLUMN>
      </SFA>
      <SFA>
        <FILEPATH>d:\0study\大二下\计算机网络\lab1-windows-vs2017</FILEPATH>
        <FILENAME>lprintf.c</FILENAME>
        <LINE>59</LINE>
        <COLUMN>2</COLUMN>
      </SFA>
    </PATH>
  </DEFECT><DEFECT>
    <SFA>
      <FILEPATH>d:\0study\大二下\计算机网络\lab1-windows-vs2017</FILEPATH>
      <FILENAME>protocol.c</FILENAME>
      <LINE>679</LINE>
      <COLUMN>47</COLUMN>
    </SFA>
    <DEFECTCODE>26451</DEFECTCODE>
    <DESCRIPTION>Arithmetic overflow: Using operator '-' on a 4 byte value and then casting the result to a 8 byte value. Cast the value to the wider type before calling operator '-' to avoid overflow (io.2).</DESCRIPTION>
    <FUNCTION>put_packet</FUNCTION>
    <DECORATED>put_packet</DECORATED>
    <FUNCLINE>662</FUNCLINE>
    <PATH></PATH>
  </DEFECT></DEFECTS>